Workbook

Sheet Test Cases
A1: Test Case ID | B1: Test Level | C1: Related Requirement | D1: Scenario Type | E1: Test Objective | F1: Preconditions | G1: Test Input | H1: Test Steps | I1: Expected Output | J1: Actual Output | K1: Status | L1: Tester | M1: Date Tested
A2: TC-U-01 | B2: Unit | C2: FR-01 | D2: Positive | E2: Verify vehicle registration accepts a complete, valid record | F2: Registration kiosk screen is open and empty | G2: Owner: Bikash Shrestha; Plate: BA-2-PA-4521; Phone: 555-0311; Vehicle: Sedan | H2: 1) Enter all required fields with valid data. 2) Click Save. | I2: Record is saved; system returns a new unique Vehicle ID and confirmation message | J2: Record saved; Vehicle ID VH-2207 generated; confirmation shown | K2: Pass | L2: Aayush | M2: 46244
A3: TC-U-02 | B3: Unit | C3: FR-01 | D3: Negative | E3: Verify registration rejects a record with a missing license plate number | F3: Registration kiosk screen is open and empty | G3: Owner: Nirajan Gurung; Plate: (blank); Phone: 555-0387 | H3: 1) Leave the License Plate field blank. 2) Fill remaining fields. 3) Click Save. | I3: Save is blocked; validation message 'License Plate Number is required' is shown | J3: Save blocked; correct validation message shown | K3: Pass | L3: Aayush | M3: 46244
A4: TC-U-03 | B4: Unit | C4: FR-01 | D4: Negative | E4: Verify registration rejects an invalid phone number format | F4: Registration kiosk screen is open and empty | G4: Phone: 'abc-311-XYZZ' | H4: 1) Enter an alphabetic/invalid value in the Phone field. 2) Click Save. | I4: Save is blocked; validation message 'Enter a valid phone number' is shown | J4: Save proceeded without validation error; invalid value was stored | K4: Fail | L4: Aayush | M4: 46244
A5: TC-U-04 | B5: Unit | C5: FR-02 | D5: Positive | E5: Verify slot catalog search returns the correct record for an exact slot-ID match | F5: Slot B-014 exists in Zone B of the parking catalog | G5: Search term: 'B-014' | H5: 1) Enter the slot ID in the search box. 2) Press Enter. | I5: Exactly one matching slot is displayed within 3 seconds | J5: Record displayed in 1.1 seconds | K5: Pass | L5: Aayush | M5: 46244
A6: TC-U-05 | B6: Unit | C6: FR-02 | D6: Negative | E6: Verify slot catalog search handles a non-existent slot ID gracefully | F6: No slot with ID 'Z-999' exists in the parking catalog | G6: Search term: 'Z-999' | H6: 1) Enter the slot ID in the search box. 2) Press Enter. | I6: System shows 'No matching slot found' with no application error | J6: Message shown as expected; no crash | K6: Pass | L6: Aayush | M6: 46244
A7: TC-U-06 | B7: Unit | C7: FR-03 | D7: Positive | E7: Verify slot-availability function correctly reports an available slot | F7: Slot B-014 in Zone B has no active vehicle assigned | G7: Zone: B; Slot ID: B-014 | H7: 1) Call availability check for the given slot ID. | I7: Function returns 'Available: true' | J7: Returned Available: true | K7: Pass | L7: Priya | M7: 46245
A8: TC-U-07 | B8: Unit | C8: FR-04 | D8: Negative | E8: Verify slot-availability function correctly flags an already-occupied slot | F8: Slot B-014 in Zone B is currently occupied by another vehicle | G8: Zone: B; Slot ID: B-014 | H8: 1) Call availability check for the same slot ID. | I8: Function returns 'Available: false' and blocks a second assignment | J8: Returned Available: false; assignment blocked | K8: Pass | L8: Priya | M8: 46245
A9: TC-U-08 | B9: Unit | C9: FR-10 | D9: Positive | E9: Verify parking-fee calculation computes the correct total for an overstayed vehicle | F9: Hourly rate = $1.50/hour; vehicle overstayed 3 hours past the paid period; Lost-ticket fee = $0 | G9: Line items: Overstay fee 3 hours x $1.50 | H9: 1) Enter hours overstayed. 2) Trigger total calculation. | I9: Total displayed = $4.50 | J9: Total displayed = $4.50 | K9: Pass | L9: Priya | M9: 46245
A10: TC-U-09 | B10: Unit | C10: FR-10 | D10: Negative | E10: Verify parking-fee calculation rejects a negative fee amount | F10: Fees screen open for an active vehicle session | G10: Line item amount: -$5 | H10: 1) Enter -5 as a fee amount. 2) Attempt to save the fee. | I10: Save is blocked; validation message 'Amount must be positive' is shown | J10: Save blocked; correct message shown | K10: Pass | L10: Priya | M10: 46245
A11: TC-U-10 | B11: Unit | C11: FR-11 | D11: Negative | E11: Verify a Parking Attendant-role account cannot access the fee-waiver function | F11: Logged in as Parking Attendant role | G11: Attempt to open 'Waive Fees' screen (Administrator-only) | H11: 1) Navigate directly to the fee-waiver URL/menu as Parking Attendant. | I11: Access is denied; 'You do not have permission' message is shown | J11: Access denied as expected | K11: Pass | L11: Priya | M11: 46245
A12: TC-I-01 | B12: Integration | C12: FR-01, FR-07 | D12: Positive | E12: Verify a new vehicle registration automatically creates a linked parking history record | F12: Registration module and Parking History module are both online | G12: New owner: Sabina Karki, Plate BA-4-CHA-1187 | H12: 1) Register the new vehicle. 2) Open the Parking History module and search for the vehicle. | I12: An empty parking history shell is auto-created and linked to the new Vehicle ID | J12: Parking history shell created and linked correctly | K12: Pass | L12: Aayush | M12: 46246
A13: TC-I-02 | B13: Integration | C13: FR-05 | D13: Positive | E13: Verify a confirmed slot reservation triggers an SMS notification via the notification service | F13: Owner has a valid mobile number on file; notification service is running | G13: Reservation confirmed for Slot C-022, ready for arrival | H13: 1) Confirm the reservation is ready for arrival. 2) Check the notification service log/owner inbox. | I13: Notification SMS is sent within 1 minute of the reservation being confirmed | J13: SMS received in 35 seconds | K13: Pass | L13: Aayush | M13: 46246
... A35: TC-A-08 | B35: UAT | C35: FR-03 | D35: Negative | E35: Confirm a driver attempting to place a reservation outside facility operating hours receives a clear message | F35: Current time is 11:00 PM (after 10:00 PM closing) | G35: Driver attempts to place an online reservation at 11:00 PM | H35: 1) Driver opens the reservations page after hours and attempts to place a reservation. | I35: A clear message explains the facility's operating hours and next available time to reserve | J35: Message shown, but wording was vague ('Try again later') without stating actual hours | K35: Fail (Minor) | L35: Volunteer Driver Panel | M35: 46253

Sheet Summary
A1: Metro City Parking Management System (PMS) — Testing Summary
A3: By Test Level
A4: Test Level | B4: Total | C4: Pass | D4: Fail | E4: Pass Rate
A5: Unit | B5: =COUNTIF('Test Cases'!$B$2:$B$35,A5) -> 10 | C5: =COUNTIFS('Test Cases'!$B$2:$B$35,A5,'Test Cases'!$K$2:$K$35,"Pass") -> 9 | D5: =B5-C5 -> 1 | E5: =IF(B5=0,0,C5/B5) -> 0.9
A6: Integration | B6: =COUNTIF('Test Cases'!$B$2:$B$35,A6) -> 8 | C6: =COUNTIFS('Test Cases'!$B$2:$B$35,A6,'Test Cases'!$K$2:$K$35,"Pass") -> 7 | D6: =B6-C6 -> 1 | E6: =IF(B6=0,0,C6/B6) -> 0.875
A7: System | B7: =COUNTIF('Test Cases'!$B$2:$B$35,A7) -> 8 | C7: =COUNTIFS('Test Cases'!$B$2:$B$35,A7,'Test Cases'!$K$2:$K$35,"Pass") -> 7 | D7: =B7-C7 -> 1 | E7: =IF(B7=0,0,C7/B7) -> 0.875
A8: UAT | B8: =COUNTIF('Test Cases'!$B$2:$B$35,A8) -> 8 | C8: =COUNTIFS('Test Cases'!$B$2:$B$35,A8,'Test Cases'!$K$2:$K$35,"Pass") -> 7 | D8: =B8-C8 -> 1 | E8: =IF(B8=0,0,C8/B8) -> 0.875
A9: Total | B9: =SUM(B5:B8) -> 34 | C9: =SUM(C5:C8) -> 30 | D9: =SUM(D5:D8) -> 4 | E9: =IF(B9=0,0,C9/B9) -> 0.88235294
A11: By Scenario Type
A12: Scenario Type | B12: Total | C12: Pass | D12: Fail | E12: Pass Rate
A13: Positive | B13: =COUNTIF('Test Cases'!$D$2:$D$35,A13) -> 22 | C13: =COUNTIFS('Test Cases'!$D$2:$D$35,A13,'Test Cases'!$K$2:$K$35,"Pass") -> 22 | D13: =B13-C13 -> 0 | E13: =IF(B13=0,0,C13/B13) -> 1
A14: Negative | B14: =COUNTIF('Test Cases'!$D$2:$D$35,A14) -> 12 | C14: =COUNTIFS('Test Cases'!$D$2:$D$35,A14,'Test Cases'!$K$2:$K$35,"Pass") -> 8 | D14: =B14-C14 -> 4 | E14: =IF(B14=0,0,C14/B14) -> 0.66666667
A17: Legend: 'Pass' = matched expected output. 'Fail' / 'Fail (Minor)' = actual output diverged from expected (see notes column in Test Cases sheet).
